{
"lengthUnit": "mil",
"remark": [],
"components": {
	"fields": ["COMPONENT_NO", "COMPONENT_NAME", "LAYER", "X_COORDINATE", "Y_COORDINATE", "ANGLE"],
	"rows": [
		[1, "H1", "T", -205, 200, 180],
		[2, "H2", "T", 45, -1560, 180],
		[3, "H3", "T", -1590, 925, 270],
		[4, "U1", "T", -60, -2285, 0],
		[5, "PAD1", "T", -1155, 200, 0],
		[6, "PAD1", "B", -1155, 200, 0],
		[7, "PAD2", "T", -1055, 200, 0],
		[8, "PAD2", "B", -1055, 200, 0],
		[9, "PAD3", "T", -855, 200, 0],
		[10, "PAD3", "B", -855, 200, 0],
		[11, "PAD4", "T", -655, 200, 0],
		[12, "PAD4", "B", -655, 200, 0],
		[13, "PAD5", "T", 245, 200, 0],
		[14, "PAD5", "B", 245, 200, 0],
		[15, "PAD6", "T", 345, 200, 0],
		[16, "PAD6", "B", 345, 200, 0],
		[17, "PAD7", "T", 445, 200, 0],
		[18, "PAD7", "B", 445, 200, 0],
		[19, "PAD8", "T", 645, 200, 0],
		[20, "PAD8", "B", 645, 200, 0],
		[21, "PAD9", "T", 745, 200, 0],
		[22, "PAD9", "B", 745, 200, 0],
		[23, "PAD10", "T", 245, -1560, 0],
		[24, "PAD10", "B", 245, -1560, 0],
		[25, "PAD11", "T", 145, -1560, 0],
		[26, "PAD11", "B", 145, -1560, 0],
		[27, "PAD12", "T", 45, -1560, 0],
		[28, "PAD12", "B", 45, -1560, 0],
		[29, "PAD13", "T", -55, -1560, 0],
		[30, "PAD13", "B", -55, -1560, 0],
		[31, "PAD14", "T", -155, -1560, 0],
		[32, "PAD14", "B", -155, -1560, 0],
		[33, "PAD15", "T", -1590, 1125, 0],
		[34, "PAD15", "B", -1590, 1125, 0],
		[35, "PAD16", "T", -1590, 1025, 0],
		[36, "PAD16", "B", -1590, 1025, 0],
		[37, "PAD17", "T", -1590, 925, 0],
		[38, "PAD17", "B", -1590, 925, 0],
		[39, "PAD18", "T", -1590, 825, 0],
		[40, "PAD18", "B", -1590, 825, 0],
		[41, "PAD19", "T", -1590, 725, 0],
		[42, "PAD19", "B", -1590, 725, 0],
		[43, "PAD20", "T", 240, -2235, 0],
		[44, "PAD20", "B", 240, -2235, 0],
		[45, "PAD21", "T", 240, -2335, 0],
		[46, "PAD21", "B", 240, -2335, 0],
		[47, "PAD22", "T", 140, -2335, 0],
		[48, "PAD22", "B", 140, -2335, 0],
		[49, "PAD23", "T", 40, -2335, 0],
		[50, "PAD23", "B", 40, -2335, 0],
		[51, "PAD24", "T", -60, -2335, 0],
		[52, "PAD24", "B", -60, -2335, 0],
		[53, "PAD25", "T", -160, -2235, 0],
		[54, "PAD25", "B", -160, -2235, 0],
		[55, "PAD26", "T", -160, -2335, 0],
		[56, "PAD26", "B", -160, -2335, 0],
		[57, "PAD27", "T", -260, -2335, 0],
		[58, "PAD27", "B", -260, -2335, 0],
		[59, "PAD28", "T", -360, -2335, 0],
		[60, "PAD28", "B", -360, -2335, 0]
	]
},
"pins": {
	"fields": ["PIN_NO", "PIN_NAME", "PIN_X", "PIN_Y", "LAYER", "PIN_TYPE", "NET_NAME", "NET_TYPE", "PAD_SHAPE", "PAD_SIZEX", "PAD_SIZEY", "HOLE_SIZE", "HOLE_LEN", "PAD_ANGLE"],
	"rows": [
		[1, "H1_1", 745, 200, "T", "DIP", "GND", "GND", "R", 62.992, 62.992, 41.338, 41.338, 180],
		[2, "H1_1", 745, 200, "B", "DIP", "GND", "GND", "R", 62.992, 62.992, 41.338, 41.338, 180],
		[3, "H1_2", 645, 200, "T", "DIP", "5V", "", "C", 62.992, 62.992, 41.338, 41.338, 180],
		[4, "H1_2", 645, 200, "B", "DIP", "5V", "", "C", 62.992, 62.992, 41.338, 41.338, 180],
		[5, "H1_3", 545, 200, "T", "DIP", "NET_1", "", "C", 62.992, 62.992, 41.338, 41.338, 180],
		[6, "H1_3", 545, 200, "B", "DIP", "NET_1", "", "C", 62.992, 62.992, 41.338, 41.338, 180],
		[7, "H1_4", 445, 200, "T", "DIP", "GP17", "", "C", 62.992, 62.992, 41.338, 41.338, 180],
		[8, "H1_4", 445, 200, "B", "DIP", "GP17", "", "C", 62.992, 62.992, 41.338, 41.338, 180],
		[9, "H1_5", 345, 200, "T", "DIP", "GP19", "", "C", 62.992, 62.992, 41.338, 41.338, 180],
		[10, "H1_5", 345, 200, "B", "DIP", "GP19", "", "C", 62.992, 62.992, 41.338, 41.338, 180],
		[11, "H1_6", 245, 200, "T", "DIP", "GP18", "", "C", 62.992, 62.992, 41.338, 41.338, 180],
		[12, "H1_6", 245, 200, "B", "DIP", "GP18", "", "C", 62.992, 62.992, 41.338, 41.338, 180],
		[13, "H1_7", 145, 200, "T", "DIP", "NET_2", "", "C", 62.992, 62.992, 41.338, 41.338, 180],
		[14, "H1_7", 145, 200, "B", "DIP", "NET_2", "", "C", 62.992, 62.992, 41.338, 41.338, 180],
		[15, "H1_8", 45, 200, "T", "DIP", "NET_3", "", "C", 62.992, 62.992, 41.338, 41.338, 180],
		[16, "H1_8", 45, 200, "B", "DIP", "NET_3", "", "C", 62.992, 62.992, 41.338, 41.338, 180],
		[17, "H1_9", -55, 200, "T", "DIP", "NET_4", "", "C", 62.992, 62.992, 41.338, 41.338, 180],
		[18, "H1_9", -55, 200, "B", "DIP", "NET_4", "", "C", 62.992, 62.992, 41.338, 41.338, 180],
		[19, "H1_10", -155, 200, "T", "DIP", "NET_5", "", "C", 62.992, 62.992, 41.338, 41.338, 180],
		[20, "H1_10", -155, 200, "B", "DIP", "NET_5", "", "C", 62.992, 62.992, 41.338, 41.338, 180],
		[21, "H1_11", -255, 200, "T", "DIP", "NET_6", "", "C", 62.992, 62.992, 41.338, 41.338, 180],
		[22, "H1_11", -255, 200, "B", "DIP", "NET_6", "", "C", 62.992, 62.992, 41.338, 41.338, 180],
		[23, "H1_12", -355, 200, "T", "DIP", "NET_7", "", "C", 62.992, 62.992, 41.338, 41.338, 180],
		[24, "H1_12", -355, 200, "B", "DIP", "NET_7", "", "C", 62.992, 62.992, 41.338, 41.338, 180],
		[25, "H1_13", -455, 200, "T", "DIP", "NET_8", "", "C", 62.992, 62.992, 41.338, 41.338, 180],
		[26, "H1_13", -455, 200, "B", "DIP", "NET_8", "", "C", 62.992, 62.992, 41.338, 41.338, 180],
		[27, "H1_14", -555, 200, "T", "DIP", "NET_9", "", "C", 62.992, 62.992, 41.338, 41.338, 180],
		[28, "H1_14", -555, 200, "B", "DIP", "NET_9", "", "C", 62.992, 62.992, 41.338, 41.338, 180],
		[29, "H1_15", -655, 200, "T", "DIP", "GND", "GND", "C", 62.992, 62.992, 41.338, 41.338, 180],
		[30, "H1_15", -655, 200, "B", "DIP", "GND", "GND", "C", 62.992, 62.992, 41.338, 41.338, 180],
		[31, "H1_16", -755, 200, "T", "DIP", "NET_10", "", "C", 62.992, 62.992, 41.338, 41.338, 180],
		[32, "H1_16", -755, 200, "B", "DIP", "NET_10", "", "C", 62.992, 62.992, 41.338, 41.338, 180],
		[33, "H1_17", -855, 200, "T", "DIP", "GP20", "", "C", 62.992, 62.992, 41.338, 41.338, 180],
		[34, "H1_17", -855, 200, "B", "DIP", "GP20", "", "C", 62.992, 62.992, 41.338, 41.338, 180],
		[35, "H1_18", -955, 200, "T", "DIP", "NET_11", "", "C", 62.992, 62.992, 41.338, 41.338, 180],
		[36, "H1_18", -955, 200, "B", "DIP", "NET_11", "", "C", 62.992, 62.992, 41.338, 41.338, 180],
		[37, "H1_19", -1055, 200, "T", "DIP", "5V", "", "C", 62.992, 62.992, 41.338, 41.338, 180],
		[38, "H1_19", -1055, 200, "B", "DIP", "5V", "", "C", 62.992, 62.992, 41.338, 41.338, 180],
		[39, "H1_20", -1155, 200, "T", "DIP", "GND", "GND", "C", 62.992, 62.992, 41.338, 41.338, 180],
		[40, "H1_20", -1155, 200, "B", "DIP", "GND", "GND", "C", 62.992, 62.992, 41.338, 41.338, 180],
		[41, "H2_1", 245, -1560, "T", "DIP", "GP04", "", "R", 66.929, 66.929, 43.308, 43.308, 180],
		[42, "H2_1", 245, -1560, "B", "DIP", "GP04", "", "R", 66.929, 66.929, 43.308, 43.308, 180],
		[43, "H2_2", 145, -1560, "T", "DIP", "GP08", "", "C", 66.929, 66.929, 43.308, 43.308, 180],
		[44, "H2_2", 145, -1560, "B", "DIP", "GP08", "", "C", 66.929, 66.929, 43.308, 43.308, 180],
		[45, "H2_3", 45, -1560, "T", "DIP", "GP09", "", "C", 66.929, 66.929, 43.308, 43.308, 180],
		[46, "H2_3", 45, -1560, "B", "DIP", "GP09", "", "C", 66.929, 66.929, 43.308, 43.308, 180],
		[47, "H2_4", -55, -1560, "T", "DIP", "5V", "", "C", 66.929, 66.929, 43.308, 43.308, 180],
		[48, "H2_4", -55, -1560, "B", "DIP", "5V", "", "C", 66.929, 66.929, 43.308, 43.308, 180],
		[49, "H2_5", -155, -1560, "T", "DIP", "GND", "GND", "C", 66.929, 66.929, 43.308, 43.308, 180],
		[50, "H2_5", -155, -1560, "B", "DIP", "GND", "GND", "C", 66.929, 66.929, 43.308, 43.308, 180],
		[51, "H3_1", -1590, 1125, "T", "DIP", "GP04", "", "R", 66.929, 66.929, 43.308, 43.308, 270],
		[52, "H3_1", -1590, 1125, "B", "DIP", "GP04", "", "R", 66.929, 66.929, 43.308, 43.308, 270],
		[53, "H3_2", -1590, 1025, "T", "DIP", "GP08", "", "C", 66.929, 66.929, 43.308, 43.308, 270],
		[54, "H3_2", -1590, 1025, "B", "DIP", "GP08", "", "C", 66.929, 66.929, 43.308, 43.308, 270],
		[55, "H3_3", -1590, 925, "T", "DIP", "GP09", "", "C", 66.929, 66.929, 43.308, 43.308, 270],
		[56, "H3_3", -1590, 925, "B", "DIP", "GP09", "", "C", 66.929, 66.929, 43.308, 43.308, 270],
		[57, "H3_4", -1590, 825, "T", "DIP", "5V", "", "C", 66.929, 66.929, 43.308, 43.308, 270],
		[58, "H3_4", -1590, 825, "B", "DIP", "5V", "", "C", 66.929, 66.929, 43.308, 43.308, 270],
		[59, "H3_5", -1590, 725, "T", "DIP", "GND", "GND", "C", 66.929, 66.929, 43.308, 43.308, 270],
		[60, "H3_5", -1590, 725, "B", "DIP", "GND", "GND", "C", 66.929, 66.929, 43.308, 43.308, 270],
		[61, "U1_1", -360, -2335, "T", "DIP", "GP18", "", "C", 70.866, 70.866, 39.37, 39.37, 0],
		[62, "U1_1", -360, -2335, "B", "DIP", "GP18", "", "C", 70.866, 70.866, 39.37, 39.37, 0],
		[63, "U1_2", -360, -2235, "T", "DIP", "NET_12", "", "C", 70.866, 70.866, 39.37, 39.37, 0],
		[64, "U1_2", -360, -2235, "B", "DIP", "NET_12", "", "C", 70.866, 70.866, 39.37, 39.37, 0],
		[65, "U1_3", -260, -2335, "T", "DIP", "GP19", "", "C", 70.866, 70.866, 39.37, 39.37, 0],
		[66, "U1_3", -260, -2335, "B", "DIP", "GP19", "", "C", 70.866, 70.866, 39.37, 39.37, 0],
		[67, "U1_4", -260, -2235, "T", "DIP", "NET_13", "", "C", 70.866, 70.866, 39.37, 39.37, 0],
		[68, "U1_4", -260, -2235, "B", "DIP", "NET_13", "", "C", 70.866, 70.866, 39.37, 39.37, 0],
		[69, "U1_5", -160, -2335, "T", "DIP", "GP20", "", "C", 70.866, 70.866, 39.37, 39.37, 0],
		[70, "U1_5", -160, -2335, "B", "DIP", "GP20", "", "C", 70.866, 70.866, 39.37, 39.37, 0],
		[71, "U1_6", -160, -2235, "T", "DIP", "GP17", "", "C", 70.866, 70.866, 39.37, 39.37, 0],
		[72, "U1_6", -160, -2235, "B", "DIP", "GP17", "", "C", 70.866, 70.866, 39.37, 39.37, 0],
		[73, "U1_7", -60, -2335, "T", "DIP", "GP04", "", "C", 70.866, 70.866, 39.37, 39.37, 0],
		[74, "U1_7", -60, -2335, "B", "DIP", "GP04", "", "C", 70.866, 70.866, 39.37, 39.37, 0],
		[75, "U1_8", -60, -2235, "T", "DIP", "NET_14", "", "C", 70.866, 70.866, 39.37, 39.37, 0],
		[76, "U1_8", -60, -2235, "B", "DIP", "NET_14", "", "C", 70.866, 70.866, 39.37, 39.37, 0],
		[77, "U1_9", 40, -2335, "T", "DIP", "GP09", "", "C", 70.866, 70.866, 39.37, 39.37, 0],
		[78, "U1_9", 40, -2335, "B", "DIP", "GP09", "", "C", 70.866, 70.866, 39.37, 39.37, 0],
		[79, "U1_10", 40, -2235, "T", "DIP", "NET_15", "", "C", 70.866, 70.866, 39.37, 39.37, 0],
		[80, "U1_10", 40, -2235, "B", "DIP", "NET_15", "", "C", 70.866, 70.866, 39.37, 39.37, 0],
		[81, "U1_11", 140, -2335, "T", "DIP", "GP08", "", "C", 70.866, 70.866, 39.37, 39.37, 0],
		[82, "U1_11", 140, -2335, "B", "DIP", "GP08", "", "C", 70.866, 70.866, 39.37, 39.37, 0],
		[83, "U1_12", 140, -2235, "T", "DIP", "NET_16", "", "C", 70.866, 70.866, 39.37, 39.37, 0],
		[84, "U1_12", 140, -2235, "B", "DIP", "NET_16", "", "C", 70.866, 70.866, 39.37, 39.37, 0],
		[85, "U1_13", 240, -2335, "T", "DIP", "5V", "", "C", 70.866, 70.866, 39.37, 39.37, 0],
		[86, "U1_13", 240, -2335, "B", "DIP", "5V", "", "C", 70.866, 70.866, 39.37, 39.37, 0],
		[87, "U1_14", 240, -2235, "T", "DIP", "GND", "GND", "C", 70.866, 70.866, 39.37, 39.37, 0],
		[88, "U1_14", 240, -2235, "B", "DIP", "GND", "GND", "C", 70.866, 70.866, 39.37, 39.37, 0],
		[89, "PAD1_20", -1155, 200, "T", "DIP", "GND", "GND", "C", 62.992, 62.992, 41.338, 41.338, 180],
		[90, "PAD1_20", -1155, 200, "B", "DIP", "GND", "GND", "C", 62.992, 62.992, 41.338, 41.338, 180],
		[91, "PAD2_19", -1055, 200, "T", "DIP", "5V", "", "C", 62.992, 62.992, 41.338, 41.338, 180],
		[92, "PAD2_19", -1055, 200, "B", "DIP", "5V", "", "C", 62.992, 62.992, 41.338, 41.338, 180],
		[93, "PAD3_17", -855, 200, "T", "DIP", "GP20", "", "C", 62.992, 62.992, 41.338, 41.338, 180],
		[94, "PAD3_17", -855, 200, "B", "DIP", "GP20", "", "C", 62.992, 62.992, 41.338, 41.338, 180],
		[95, "PAD4_15", -655, 200, "T", "DIP", "GND", "GND", "C", 62.992, 62.992, 41.338, 41.338, 180],
		[96, "PAD4_15", -655, 200, "B", "DIP", "GND", "GND", "C", 62.992, 62.992, 41.338, 41.338, 180],
		[97, "PAD5_6", 245, 200, "T", "DIP", "GP18", "", "C", 62.992, 62.992, 41.338, 41.338, 180],
		[98, "PAD5_6", 245, 200, "B", "DIP", "GP18", "", "C", 62.992, 62.992, 41.338, 41.338, 180],
		[99, "PAD6_5", 345, 200, "T", "DIP", "GP19", "", "C", 62.992, 62.992, 41.338, 41.338, 180],
		[100, "PAD6_5", 345, 200, "B", "DIP", "GP19", "", "C", 62.992, 62.992, 41.338, 41.338, 180],
		[101, "PAD7_4", 445, 200, "T", "DIP", "GP17", "", "C", 62.992, 62.992, 41.338, 41.338, 180],
		[102, "PAD7_4", 445, 200, "B", "DIP", "GP17", "", "C", 62.992, 62.992, 41.338, 41.338, 180],
		[103, "PAD8_2", 645, 200, "T", "DIP", "5V", "", "C", 62.992, 62.992, 41.338, 41.338, 180],
		[104, "PAD8_2", 645, 200, "B", "DIP", "5V", "", "C", 62.992, 62.992, 41.338, 41.338, 180],
		[105, "PAD9_1", 745, 200, "T", "DIP", "GND", "GND", "R", 62.992, 62.992, 41.338, 41.338, 180],
		[106, "PAD9_1", 745, 200, "B", "DIP", "GND", "GND", "R", 62.992, 62.992, 41.338, 41.338, 180],
		[107, "PAD10_1", 245, -1560, "T", "DIP", "GP04", "", "R", 66.929, 66.929, 43.308, 43.308, 180],
		[108, "PAD10_1", 245, -1560, "B", "DIP", "GP04", "", "R", 66.929, 66.929, 43.308, 43.308, 180],
		[109, "PAD11_2", 145, -1560, "T", "DIP", "GP08", "", "C", 66.929, 66.929, 43.308, 43.308, 180],
		[110, "PAD11_2", 145, -1560, "B", "DIP", "GP08", "", "C", 66.929, 66.929, 43.308, 43.308, 180],
		[111, "PAD12_3", 45, -1560, "T", "DIP", "GP09", "", "C", 66.929, 66.929, 43.308, 43.308, 180],
		[112, "PAD12_3", 45, -1560, "B", "DIP", "GP09", "", "C", 66.929, 66.929, 43.308, 43.308, 180],
		[113, "PAD13_4", -55, -1560, "T", "DIP", "5V", "", "C", 66.929, 66.929, 43.308, 43.308, 180],
		[114, "PAD13_4", -55, -1560, "B", "DIP", "5V", "", "C", 66.929, 66.929, 43.308, 43.308, 180],
		[115, "PAD14_5", -155, -1560, "T", "DIP", "GND", "GND", "C", 66.929, 66.929, 43.308, 43.308, 180],
		[116, "PAD14_5", -155, -1560, "B", "DIP", "GND", "GND", "C", 66.929, 66.929, 43.308, 43.308, 180],
		[117, "PAD15_1", -1590, 1125, "T", "DIP", "GP04", "", "R", 66.929, 66.929, 43.308, 43.308, 270],
		[118, "PAD15_1", -1590, 1125, "B", "DIP", "GP04", "", "R", 66.929, 66.929, 43.308, 43.308, 270],
		[119, "PAD16_2", -1590, 1025, "T", "DIP", "GP08", "", "C", 66.929, 66.929, 43.308, 43.308, 270],
		[120, "PAD16_2", -1590, 1025, "B", "DIP", "GP08", "", "C", 66.929, 66.929, 43.308, 43.308, 270],
		[121, "PAD17_3", -1590, 925, "T", "DIP", "GP09", "", "C", 66.929, 66.929, 43.308, 43.308, 270],
		[122, "PAD17_3", -1590, 925, "B", "DIP", "GP09", "", "C", 66.929, 66.929, 43.308, 43.308, 270],
		[123, "PAD18_4", -1590, 825, "T", "DIP", "5V", "", "C", 66.929, 66.929, 43.308, 43.308, 270],
		[124, "PAD18_4", -1590, 825, "B", "DIP", "5V", "", "C", 66.929, 66.929, 43.308, 43.308, 270],
		[125, "PAD19_5", -1590, 725, "T", "DIP", "GND", "GND", "C", 66.929, 66.929, 43.308, 43.308, 270],
		[126, "PAD19_5", -1590, 725, "B", "DIP", "GND", "GND", "C", 66.929, 66.929, 43.308, 43.308, 270],
		[127, "PAD20_14", 240, -2235, "T", "DIP", "GND", "GND", "C", 70.866, 70.866, 39.37, 39.37, 0],
		[128, "PAD20_14", 240, -2235, "B", "DIP", "GND", "GND", "C", 70.866, 70.866, 39.37, 39.37, 0],
		[129, "PAD21_13", 240, -2335, "T", "DIP", "5V", "", "C", 70.866, 70.866, 39.37, 39.37, 0],
		[130, "PAD21_13", 240, -2335, "B", "DIP", "5V", "", "C", 70.866, 70.866, 39.37, 39.37, 0],
		[131, "PAD22_11", 140, -2335, "T", "DIP", "GP08", "", "C", 70.866, 70.866, 39.37, 39.37, 0],
		[132, "PAD22_11", 140, -2335, "B", "DIP", "GP08", "", "C", 70.866, 70.866, 39.37, 39.37, 0],
		[133, "PAD23_9", 40, -2335, "T", "DIP", "GP09", "", "C", 70.866, 70.866, 39.37, 39.37, 0],
		[134, "PAD23_9", 40, -2335, "B", "DIP", "GP09", "", "C", 70.866, 70.866, 39.37, 39.37, 0],
		[135, "PAD24_7", -60, -2335, "T", "DIP", "GP04", "", "C", 70.866, 70.866, 39.37, 39.37, 0],
		[136, "PAD24_7", -60, -2335, "B", "DIP", "GP04", "", "C", 70.866, 70.866, 39.37, 39.37, 0],
		[137, "PAD25_6", -160, -2235, "T", "DIP", "GP17", "", "C", 70.866, 70.866, 39.37, 39.37, 0],
		[138, "PAD25_6", -160, -2235, "B", "DIP", "GP17", "", "C", 70.866, 70.866, 39.37, 39.37, 0],
		[139, "PAD26_5", -160, -2335, "T", "DIP", "GP20", "", "C", 70.866, 70.866, 39.37, 39.37, 0],
		[140, "PAD26_5", -160, -2335, "B", "DIP", "GP20", "", "C", 70.866, 70.866, 39.37, 39.37, 0],
		[141, "PAD27_3", -260, -2335, "T", "DIP", "GP19", "", "C", 70.866, 70.866, 39.37, 39.37, 0],
		[142, "PAD27_3", -260, -2335, "B", "DIP", "GP19", "", "C", 70.866, 70.866, 39.37, 39.37, 0],
		[143, "PAD28_1", -360, -2335, "T", "DIP", "GP18", "", "C", 70.866, 70.866, 39.37, 39.37, 0],
		[144, "PAD28_1", -360, -2335, "B", "DIP", "GP18", "", "C", 70.866, 70.866, 39.37, 39.37, 0]
	]
}
}